headline,description,category,source,url
সাবেক মন্ত্রী আমির হোসেন আমু গ্রেপ্তার,আজ বুধবার বেলা দেড়টার দিকে পশ্চিম ধানমন্ডির একটি বাসা থেকে আমির হোসেন আমুকে গ্রেপ্তার করা হয়।,politics,prothomalo,https://www.prothomalo.com/politics/i5dyjxcevm
মার্চ-এপ্রিলে নির্বাচনের দাবিতে কর্মসূচি শুরুর চিন্তা বিএনপির,গত সোমবার রাতে বিএনপির স্থায়ী কমিটির সভায় এ বিষয়ে আলোচনা হয়। তবে কোনো সিদ্ধান্ত হয়নি।,politics,prothomalo,https://www.prothomalo.com/politics/x2gw2vsty1
নির্বাচিত সরকারই শ্রেষ্ঠ সরকার: মির্জা ফখরুল," বিএনপির নেতা-কর্মীদের ভবিষ্যতে সতর্ক থাকার আহ্বান জানিয়ে মির্জা ফখরুল বলেন, আপনারা সবাই সজাগ-সতর্ক থাকবেন। দলকে আরও দৃঢ় করেন। বিপদ শেষ হয়ে যায়নি।",politics,prothomalo,https://www.prothomalo.com/politics/jb95zrd9fw
‘ভূতের মুখে রামনাম’: হাছান মাহমুদের বক্তব্য নিয়ে মির্জা ফখরুল,"লন্ডনভিত্তিক টেলিভিশন ‘চ্যানেল এস’ হাছান মাহমুদের এক সাক্ষাৎকার প্রচার করেছে গত রোববার। তাতে তিনি বলেছেন, বিএনপিকে নির্বাচনে আনতে না পারা আওয়ামী লীগের রাজনৈতিক ভুল ছিল।",politics,prothomalo,https://www.prothomalo.com/politics/4guhdfnmkb
সংবিধান সংস্কার বিষয়ে মতামত দেওয়া যাবে ওয়েবসাইটে,দেশের বিদ্যমান সংবিধান পর্যালোচনা ও মূল্যায়ন করে সংবিধান সংস্কারের লক্ষ্যে প্রয়োজনীয় সুপারিশসহ প্রতিবেদন প্রস্তুত করতে গত ৬ অক্টোবর সংবিধান সংস্কার কমিশন গঠন করে সরকার।,politics,prothomalo,https://www.prothomalo.com/politics/yhbrke662x
"মাওলানা সাদ আসতে পারবেন না, টঙ্গীর ইজতেমা মাঠ নিয়ন্ত্রণে রাখার ঘোষণা আলেমদের","তাবলিগ জামাতের নেতৃত্ব নিয়ে ২০১৮ সাল থেকে এর অনুসারীদের মধ্যে চরম বিভক্তি দেখা দেয়। এক পক্ষে বাংলাদেশের মাওলানা জোবায়েরুল হক, অন্য পক্ষে মাওলানা সাদ পক্ষ।",politics,prothomalo,https://www.prothomalo.com/politics/el2x2co0e5
মৌলভীবাজারে জেলা বিএনপির পূর্ণাঙ্গ কমিটি ভেঙে আহ্বায়ক কমিটি ঘোষণা,৩২ সদস্যবিশিষ্ট কমিটির আহ্বায়ক করা হয়েছে জেলা বিএনপির সাবেক জ্যেষ্ঠ সহসভাপতি ও মৌলভীবাজার পৌরসভার সাবেক মেয়র ফয়জুল করিমকে। কমিটির অন্যরা সবাই সদস্য।,politics,prothomalo,https://www.prothomalo.com/bangladesh/district/0vd1gik315
কোনো ব্যক্তির কলমের খোঁচায় সংবিধান বদলাবে না: ড. কামাল হোসেন,‘৪ঠা নভেম্বর ১৯৭২ সংবিধান দিবস’ উপলক্ষে এক আলোচনা সভায় প্রধান অতিথির বক্তব্যে ড. কামাল হোসেন এই অভিমত জানিয়েছেন।,politics,prothomalo,https://www.prothomalo.com/politics/0v5yuruq79
রাষ্ট্রপতির অপসারণ দাবির প্রসঙ্গসহ তিন বিষয়ে আলোচনা,"গণ অধিকার পরিষদের পক্ষ থেকে বিএনপিকে বলা হয়েছে, সামনে যে জাতীয় সরকার হবে, সেখানে যুগপৎ আন্দোলনে অংশ নেওয়া সব দলকে নিয়ে ঐক্যবদ্ধভাবে কাজ করতে হবে।",politics,prothomalo,https://www.prothomalo.com/politics/favtcfgwvb
সংস্কার শেষে জাতীয় ঐকমত্যের ভিত্তিতে নির্বাচন: নাহিদ ইসলাম,জাতীয় ঐকমত্যের ভিত্তিতে নির্বাচনের ব্যবস্থা করা হবে।,politics,prothomalo,https://www.prothomalo.com/politics/kq5y2sekmy
ঢাকা উত্তরসহ চার মহানগর ও ৬ জেলার বিএনপির পূর্ণাঙ্গ ও আহ্বায়ক কমিটি অনুমোদন,বিএনপির জ্যেষ্ঠ যুগ্ম মহাসচিব রুহুল কবির রিজভী আজ সোমবার বিএনপির কমিটিগুলো অনুমোদনের ঘোষণা দিয়েছেন।,politics,prothomalo,https://www.prothomalo.com/politics/irhhnykl3r
জনপ্রশাসন সংস্কারে এবি পার্টি ৯ দফা প্রস্তাব দিল,জনপ্রশাসনে অরাজকতা নিরসন ও সংস্কারে ৯ দফা প্রস্তাব দিয়েছে এবি পার্টি।,politics,prothomalo,https://www.prothomalo.com/politics/y8imlquz4s
অংশীজনদের মতামত নেওয়া শুরু করছে সংবিধান সংস্কার কমিশন,সংবিধান সংস্কারের সুপারিশ তৈরির জন্য অংশীজনদের মতামত ও প্রস্তাব নেবে সংবিধান সংস্কার কমিশন।,politics,prothomalo,https://www.prothomalo.com/politics/260inw08jx
ইসি গঠনে রাজনৈতিক দলের কাছে নাম চেয়েছে অনুসন্ধান কমিটি,আজ রোববার মন্ত্রিপরিষদ বিভাগের এক বিজ্ঞপ্তিতে নাম চাওয়ার এ তথ্য জানানো হয়েছে।,politics,prothomalo,https://www.prothomalo.com/politics/ddur35m1zt
অতি দ্রুত নির্বাচনের পরিবেশ তৈরি করুন: মির্জা ফখরুল,রাজনীতিবিদেরা ক্ষমতায় যাওয়ার জন্য উসখুস করছেন বলে একজন উপদেষ্টার বক্তব্যের কঠোর সমালোচনা করেছেন তিনি।,politics,prothomalo,https://www.prothomalo.com/politics/eo2vir15e2
জাহাঙ্গীরনগর বিশ্ববিদ্যালয় সংস্কারের ৪১ দফা প্রস্তাব ছাত্রশিবিরের,"প্রস্তাবনা পেশ করেন শিবিরের সভাপতি হারুনুর রশিদ, সাধারণ সম্পাদক মহিবুর রহমান ও প্রচার সম্পাদক আবদুল্লাহ আল মামুন। ",politics,prothomalo,https://www.prothomalo.com/bangladesh/district/qkfhvlcj3t
"চট্টগ্রামে শাহাদাত জিতেছিলেন, ফল কেড়ে নেওয়া হয়েছিল: ফখরুল",চট্টগ্রাম সিটির মেয়র হিসেবে শাহাদাতকে স্বীকৃতি দেওয়ায় অন্তর্বর্তী সরকার ও বিচারকদের ধন্যবাদ জানিয়েছেন ফখরুল।,politics,prothomalo,https://www.prothomalo.com/politics/e5d3eqlroa
"জাতীয় পার্টি চাপে, বিএনপি মনে করে অযথাই এমন পরিস্থিতি ","হঠাৎ জাতীয় পার্টির (জাপা) কেন্দ্রীয় কার্যালয়ে হামলা, ভাঙচুর ও অগ্নিসংযোগের ঘটনায় এখন দলটি আলোচনায়। এ নিয়ে রাজনৈতিক মহলে প্রতিক্রিয়া হয়েছে। ",politics,prothomalo,https://www.prothomalo.com/politics/a59ajrxur2
"থানা পর্যায়ে কমিটি করছে জাতীয় নাগরিক কমিটি, বয়সসীমা সর্বোচ্চ ৫০",থানা পর্যায়ে কমিটি গঠন করছে জাতীয় নাগরিক কমিটি। এ জন্য ৯টি নির্দেশনা দিয়েছে তারা।,politics,prothomalo,https://www.prothomalo.com/politics/ex4pwdqavu
রাজনৈতিক দলকে নিষিদ্ধ করার আমরা কারা : মির্জা ফখরুল,"বিএনপি মহাসচিব মির্জা ফখরুল ইসলাম আলমগীর। তিনি বলেছেন, ‘রাজনৈতিক দলকে নিষিদ্ধ করার আমরা কারা। জনগণ সিদ্ধান্ত নেবে।’",politics,prothomalo,https://www.prothomalo.com/politics/qn5fpbd53b
রিজভীর সঙ্গে সাবেক ২০ সেনা কর্মকর্তার মতবিনিময়,"রিজভীর সঙ্গে সাক্ষাতে ছিলেন এমন একজন সাবেক সেনা কর্মকর্তা প্রথম আলোকে বলেন, মূলত রুহুল কবির রিজভী তাঁদের সঙ্গে আলোচনা করতে চেয়েছিলেন।",politics,prothomalo,https://www.prothomalo.com/politics/c7xgdm502t
সংবিধান সংস্কার প্রক্রিয়ায় আস্থা প্রকাশ করেছেন ড. কামাল,ড. কামাল হোসেন সংবিধান সংস্কার কমিশনের প্রধানসহ উপস্থিত সদস্যদের সঙ্গে শুভেচ্ছা বিনিময় করেন এবং সংবিধান সংস্কার প্রক্রিয়ায় আস্থা প্রকাশ করেন।,politics,prothomalo,https://www.prothomalo.com/politics/k3jc94o2ub
"আমু হয়ে উঠেছিলেন গডফাদার,  ‘বিশেষ চাপ’ দিয়ে  করতেন জমি দখল",নৈশপ্রহরী থেকে শুরু করে সব চাকরিতে আমুকে টাকা দিতে হতো। বিএনপির নেতা-কর্মীরা বাড়িতে ঘুমাতে পারেননি।,politics,prothomalo,https://www.prothomalo.com/bangladesh/district/ikp885laqk
দেশকে ধ্বংসস্তূপে পরিণত করে আ.লীগ নেতারা পালিয়েছেন,লুটপাট ও দুঃশাসনের মাধ্যমে দেশকে ধ্বংসস্তূপে পরিণত করে আওয়ামী লীগ নেতারা পালিয়ে গেছেন।,politics,prothomalo,https://www.prothomalo.com/politics/lxbbu3kpo1
জামায়াতে ইসলামীর বিরুদ্ধে ষড়যন্ত্র করা হচ্ছে: সৈয়দ আবদুল্লাহ মোহাম্মদ তাহের,"জামায়াত নেতা তাহের আরও বলেন, ‘যারা জালেম, লুটেরা, ক্ষমতার অপব্যবহারকারী, যারা অবৈধ শাসন প্রতিষ্ঠার জন্য দায়ী, তাদের কঠিন বিচারের আওতায় আনতে হবে।’",politics,prothomalo,https://www.prothomalo.com/politics/vr23jqjcuu
ফ্যাসিবাদী ব্যবস্থার বিদায় নিশ্চিত করতে হবে: জোনায়েদ সাকি,শেখ হাসিনার পরিবার ও তাদের দোসররা বাংলাদেশ থেকে ১০০ কোটি ডলারের বেশি অর্থ পাচার করেছে।,politics,prothomalo,https://www.prothomalo.com/politics/rrmfnl969x
জাতীয় পার্টি নিষেধাজ্ঞা ভেঙে কর্মসূচি করতে চাইলে ‘বসে না থাকার’ ঘোষণা,"বিন ইয়ামিন মোল্লা প্রথম আলোকে বলেন, ‘পুলিশের সিদ্ধান্তকে আমরা ইতিবাচকভাবে দেখছি। এই নিষেধাজ্ঞার পরও জাতীয় পার্টি সভা-সমাবেশ করতে চাইলে আমরা বসে থাকব না।’",politics,prothomalo,https://www.prothomalo.com/politics/rt7fsbca9l
জাতীয় পার্টির শনিবারের বিক্ষোভ সমাবেশ স্থগিত,"জাতীয় পার্টির মহাসচিব মো. মুজিবুল হক প্রথম আলোকে বলেন, আইনের প্রতি শ্রদ্ধা জানিয়ে আমরা শনিবারের বিক্ষোভ সমাবেশ কর্মসূচি স্থগিত করেছি।",politics,prothomalo,https://www.prothomalo.com/politics/96triz3y4k
কাকরাইলসহ আশপাশে আগামীকাল সভা-সমাবেশে নিষেধাজ্ঞা দিয়েছে পুলিশ,আজ শুক্রবার রাত সাড়ে ৭টার দিকে এক গণবিজ্ঞপ্তি জারি করে এই নিষেধাজ্ঞার কথা জানিয়েছে ডিএমপি।,politics,prothomalo,https://www.prothomalo.com/politics/ncwq0nlxjx
"অন্তর্বর্তী সরকার দ্রব্যমূল্য কমাতে পারেনি, বরং বেড়েছে: রুহিন হোসেন",অন্তর্বর্তীকালীন সরকারকে কোনো দল বা গোষ্ঠীর হয়ে ভূমিকা না নিয়ে জনস্বার্থে ভূমিকা নেওয়ার আহ্বান জানান রুহিন হোসেন।,politics,prothomalo,https://www.prothomalo.com/politics/xsc20oziz0
সাবেক মন্ত্রী উবায়দুল মোকতাদির চৌধুরী পাঁচ দিনের রিমান্ডে,বিএনপির কর্মী মকবুল হত্যা মামলায় আসামি উবায়দুল মোকতাদির চৌধুরীর জড়িত থাকার তথ্য পাওয়া গেছে।,politics,prothomalo,https://www.prothomalo.com/politics/pn2l9hhr1h
"কেউ ভয় পাবেন না, শনিবারের কর্মসূচি চালু থাকবে: জি এম কাদের","জি এম কাদের বলেন, ‘আমরা কোনো অপরাধ করিনি। আমাদের জোর করে অপরাধী করা হচ্ছে।",politics,prothomalo,https://www.prothomalo.com/politics/zwvuma4qii
"‘দেশে কি প্রশাসন নেই’, পুড়ে যাওয়া কার্যালয়ে এসে জাতীয় পার্টির নেতা-কর্মীদের ক্ষোভ","জাতীয় পার্টির অনেকেরই জিজ্ঞাসা, দেশে কি প্রশাসন নেই, এভাবে কার্যালয়টি পুড়িয়ে দেওয়া হলো। কোনো বাধা দেওয়া হলো না।",politics,prothomalo,https://www.prothomalo.com/politics/r3pwgwlitv
সমাজ ও রাষ্ট্র বদলের এ সুযোগের সদ্ব্যবহার করতে হবে,বাংলাদেশ জাসদের ৫২তম প্রতিষ্ঠাবার্ষিকীর আলোচনা সভা।,politics,prothomalo,https://www.prothomalo.com/politics/740qbfrg2c
দ্রুত নির্বাচন হলে রাষ্ট্র পরিবর্তনের কাজও তাড়াতাড়ি হবে: মির্জা ফখরুল,দ্রুত নির্বাচন হলে রাষ্ট্র পরিবর্তনের কাজও তাড়াতাড়ি হবে বলে মনে করেন বিএনপির মহাসচিব মির্জা ফখরুল ইসলাম আলমগীর।,politics,prothomalo,https://www.prothomalo.com/politics/t32yqwkk4g
হাসানুল হক ইনুসহ সব রাজবন্দীর নিঃশর্ত মুক্তি দাবি জাসদের,জাসদের ৫২তম প্রতিষ্ঠাবার্ষিকী বৃহস্পতিবার অনুষ্ঠিত হয়েছে।,politics,prothomalo,https://www.prothomalo.com/politics/w87uk32ykq
"৬ এলাকায় বিএনপির চিঠি: নির্বাচনী সমঝোতা, নাকি অপ্রীতিকর ঘটনা এড়ানো","যুগপৎ আন্দোলনের শরিক দলগুলোর ছয় নেতাকে এলাকায় জনসংযোগ ও সাংগঠনিক কার্যক্রমে সহযোগিতা করতে বিএনপির দেওয়া চিঠি নিয়ে নিজ দল ও শরিকদের মধ্যে বিভ্রান্তি তৈরি হয়েছে। ",politics,prothomalo,https://www.prothomalo.com/politics/etrcplh8px
সাবেক কৃষিমন্ত্রী আব্দুস শহীদের চার দিনের রিমান্ড মঞ্জুর,দ্বাদশ জাতীয় সংসদ নির্বাচনে আব্দুস শহীদ মৌলভীবাজার-৪ আসন থেকে সংসদ সদস্য নির্বাচিত হয়েছিলেন।,politics,prothomalo,https://www.prothomalo.com/politics/gi3em9wdae
সায়মা ওয়াজেদের পরিবর্তে বিশ্ব স্বাস্থ্য সংস্থার সঙ্গে সরাসরি যোগাযোগ চেয়ে চিঠি দিয়েছে সরকার,"সংবাদ ব্রিফিংয়ে সাংবাদিকদের প্রশ্নের জবাবে উপ–প্রেস সচিব অপূর্ব জাহাঙ্গীর বলেন, সায়মা ওয়াজেদ পতিত স্বৈরাচারের পরিবারের সদস্য। তিনি বাংলাদেশের জন্য কতটুকু সহায়তায় আসবেন, সেটিও একটি প্রশ্ন।",politics,prothomalo,https://www.prothomalo.com/bangladesh/ekuxbj5rex
"সজাগ দৃষ্টি রাখবেন, আপনার সম্মানের জায়গাটা যাতে নষ্ট না হয়: ড. ইউনূসের প্রতি মির্জা ফখরুল","মির্জা ফখরুল বলেন, ‘আমরা একটা জটিল সময় পার করছি। যুদ্ধ শেষ হয়ে যায়নি। চক্রান্ত শেষ হয়নি। সবাইকে সতর্ক থাকতে হবে। ফ্যাসিস্টরা এখনো সক্রিয়।",politics,prothomalo,https://www.prothomalo.com/politics/yt9s0kx7d4
সংবিধান–সংশ্লিষ্ট বিষয়ে সিদ্ধান্তের ক্ষেত্রে তাড়াহুড়া না করার পরামর্শ তারেক রহমানের,আজ মঙ্গলবার সন্ধ্যায় রাজধানীর ইস্কাটনে লেডিস ক্লাবে দুর্গাপূজা–পরবর্তী সনাতন ধর্মাবলম্বীদের সঙ্গে এক শুভেচ্ছা বিনিময় অনুষ্ঠানে ভার্চ্যুয়ালি যুক্ত হয়ে এ কথা বলেন তিনি।,politics,prothomalo,https://www.prothomalo.com/politics/fges9o883j
রিটে সিপিবি-বাসদ ও কর্নেল অলির দলের নাম থাকায় ‘বিব্রত’ জাতীয় নাগরিক কমিটি,এখন একটি সুন্দর প্রক্রিয়ায় ‘গুছিয়ে’ রিট করার কথা ভাবা হচ্ছে বলে জানিয়েছেন কমিটির আহ্বায়ক নাসীরুদ্দীন পাটওয়ারী।,politics,prothomalo,https://www.prothomalo.com/politics/u9ljd9l8ug
রাজনৈতিক দলগুলোকে নিয়ে কাউন্সিল গঠনের পরামর্শ দেবেন ছাত্রনেতারা,আজ মঙ্গলবার দুপুরে রাজধানীর পুরানা পল্টনের মুক্তি ভবনে বাম গণতান্ত্রিক জোটের নেতাদের সঙ্গে বৈষম্যবিরোধী ছাত্র আন্দোলন ও জাতীয় নাগরিক কমিটির যৌথ প্রতিনিধিদলের বৈঠক হয়।,politics,prothomalo,https://www.prothomalo.com/politics/0dhz3d9a67
তারেক রহমানের সিদ্ধান্তের বাইরে কিছু হবে না: নুরুল হক প্রসঙ্গে গোলাম মাওলা,গলাচিপা ও দশমিনা উপজেলা নিয়ে গঠিত পটুয়াখালী–৩ আসনে সর্বশেষ বিএনপির হয়ে ধানের শীষ প্রতীকে নির্বাচন করেন গোলাম মাওলা রনি।,politics,prothomalo,https://www.prothomalo.com/bangladesh/district/n5ddz0armf
৩১ দফা সংস্কার প্রস্তাব ও নির্বাচনের দাবিতে কর্মসূচি শুরু করছে বিএনপি,বিএনপির চেয়ারপারসনের কার্যালয়ে গতকাল রাতে অনুষ্ঠিত দলের স্থায়ী কমিটির সভায় নতুন করে কার্যক্রম জোরদারের সিদ্ধান্ত হয়। একইসঙ্গে কর্মসূচি শুরুর বিষয়ে সিদ্ধান্ত নেওয়া হয়।,politics,prothomalo,https://www.prothomalo.com/politics/sxfjuzdjmy
"নির্বাচনের যাত্রা শুরু হয়েছে, কমিশন গঠনে সার্চ কমিটির প্রজ্ঞাপন শিগগিরই: আসিফ নজরুল",আগামী ত্রয়োদশ জাতীয় সংসদ নির্বাচনের যাত্রা শুরু হয়েছে বলে জানিয়েছেন আইন উপদেষ্টা আসিফ নজরুল।,politics,prothomalo,https://www.prothomalo.com/bangladesh/dlon2j2qhw
"আওয়ামী লীগকে রাজনীতির বাইরে রাখতে করা রিটের শুনানি হতে পারে আজ  ","বিকেলে ফলাফলের ঘরে দেখা যায়, রিট দুটির বিষয়ে ‘আউট’ লেখা রয়েছে। ",politics,prothomalo,https://www.prothomalo.com/bangladesh/9hxzhtbtgc
জামায়াত নেতাদের সঙ্গে আইআরআই প্রতিনিধিদলের সৌজন্য সাক্ষাৎ,যুক্তরাষ্ট্রভিত্তিক বেসরকারি সংস্থা আইআরআইয়ের একটি প্রতিনিধিদল জামায়াতে ইসলামীর নেতাদের সঙ্গে মতবিনিময় করেছেন।,politics,prothomalo,https://www.prothomalo.com/politics/sfvsrrek40
আওয়ামী লীগের কোনো নৈতিক অধিকার নেই ভোটের ময়দানে ফিরে আসার: জামায়াতের আমির,২০০৬ সালের ২৮ অক্টোবরের পেছনে তৎকালীন চারদলীয় জোটের ‘দুর্বল’ ভূমিকাকে দায়ী করেন আরেক নায়েবে আমির সৈয়দ আবদুল্লাহ মো. তাহের।,politics,prothomalo,https://www.prothomalo.com/politics/9o4wn4b7ay
"ছাত্রলীগের ‘পদধারী অনেকেই আন্দোলনে ছিলেন’, সবাইকে গ্রেপ্তারের পক্ষে নন সারজিস","সারজিস আলম বলেছেন, অনেককেই বাধ্য হয়ে ছাত্রলীগ করতে হয়েছে। তাঁদের অনেকে বৈষম্যবিরোধী ছাত্র আন্দোলনে ছিলেন।",politics,prothomalo,https://www.prothomalo.com/politics/bmczdwknrt
আবারও ফ্রান্স দলে নেই এমবাপ্পে,কিলিয়ান এমবাপ্পে আবারও ফ্রান্স জাতীয় দলের বাইরে। তাঁকে রাখা হয়নি ইসরায়েল ও ইতালির ম্যাচের দলে,sports,prothomalo,https://www.prothomalo.com/sports/football/61m4eov8w5
ভারতের বিপক্ষে ভালো খেলে আইপিএলে দল পাওয়ার আশা মার্করামদের,শুক্রবার শুরু হচ্ছে দক্ষিণ আফ্রিকা-ভারত টি-টোয়েন্টি সিরিজ। আইপিএলের মেগা নিলামের আগে সেই সিরিজে ভালো করেই আইপিএল দল পেতে চান প্রোটিয়া ক্রিকেটাররা।,sports,prothomalo,https://www.prothomalo.com/sports/cricket/yj5x7uh6hn
"দল ঘোষণা করতে গিয়ে ভুল, জার্মান দলে লাটভিয়ান ফুটবলার",জার্মানির ফুটবল কর্তৃপক্ষ জাতীয় দলে এক লাটভিয়ান ফুটবলারের নাম যুক্ত করে দল ঘোষণা করেছে।,sports,prothomalo,https://www.prothomalo.com/sports/football/dnrdavigwh
ওয়েস্ট ইন্ডিজ সিরিজে খেলবেন তো মুশফিক,গতকাল শারজায় সিরিজের প্রথম ম্যাচে আফগানিস্তানের ইনিংসের শেষ দিকে উইকেটকিপিং করার সময় বাঁ হাতের তর্জনীতে চোট পান মুশফিক।,sports,prothomalo,https://www.prothomalo.com/sports/cricket/qb49llgz9u
আসছে জিয়া ক্রিকেট টুর্নামেন্ট,প্রয়াত রাষ্ট্রপতি জিয়াউর রহমানের নামে ক্রিকেট টুর্নামেন্ট শুরু হতে যাচ্ছে।,sports,prothomalo,https://www.prothomalo.com/sports/cricket/62l8r92ur9
বাবরকে কোহলির কাছ থেকে শিখতে বললেন পন্টিং,নিজেকে কীভাবে ফিরে পাবেন বাবর। সময়ের অন্যতম সেরা ব্যাটসম্যানকে ছন্দে ফেরার জন্য একটা পরামর্শ দিয়েছেন অস্ট্রেলিয়ার সাবেক অধিনায়ক রিকি পন্টিং।,sports,prothomalo,https://www.prothomalo.com/sports/cricket/sjl0gwt0qi
রাচিন রবীন্দ্রকে একাডেমিতে অনুশীলন করতে দিয়ে সমালোচনার মুখে চেন্নাই সুপার কিংস,নিউজিল্যান্ডের কাছে তিন টেস্টের সিরিজে ভারত ধবলধোলাই হওয়ার পর চেন্নাই সুপার কিংসের সমালোচনা করেছেন দেশটির সাবেক ক্রিকেটার রবিন উথাপ্পা।,sports,prothomalo,https://www.prothomalo.com/sports/cricket/bhgyzsppma
রোনালদোদের কাছে হারার পর চাকরি গেল আর্জেন্টাইন ক্রেসপোর,আল নাসরের কাছে হারের পর আর্জেন্টাইন কোচ হার্নান ক্রেসপোকে ছাঁটাই করেছে আল–আইন,sports,prothomalo,https://www.prothomalo.com/sports/football/fdjsaalf61
সমর্থকের মৃত্যুতে জয়ের আনন্দ ম্লান বায়ার্ন মিউনিখের,সমর্থকের মৃত্যুর খবরে বায়ার্নের মাঠ আলিয়াঞ্জ অ্যারেনায় শোকের আবহ নেমে আসে। তাঁর প্রতি সম্মান জানিয়ে গ্যালারিতে থাকা সমর্থকেরা গান গাওয়া বন্ধ করে দেন।,sports,prothomalo,https://www.prothomalo.com/sports/football/s6hfgncxnb
"চ্যাম্পিয়নস লিগে বার্সার ৫০০, ৬০০, ৭০০: মেসি, রাকিতিচ ও লেভা",চ্যাম্পিয়নস লিগে গতকাল রাতে জোড়া গোল করেন লেভানডফস্কি। আর এক গোল করলেই এই প্রতিযোগিতায় গোলের সেঞ্চুরি হবে পোলিশ তারকার।,sports,prothomalo,https://www.prothomalo.com/sports/football/f3lq6zql95
"১১ রানেই নেই শেষ ৭ উইকেট—শুধু বাংলাদেশই এমন নয়, অন্যরাও আছে",গত রাতে বাংলাদেশের মতো ১১ রানের মধ্যে শেষ ৭ উইকেটে হারানোর ঘটনা ওয়ানডে ইতিহাসে আরও তিনটি আছে।,sports,prothomalo,https://www.prothomalo.com/sports/cricket/h4fu5109eb
"অধিনায়ক হোপের ওপর ক্ষোভ, মাঠ থেকে বেরিয়ে গেলেন জোসেফ",ঘটনার সূত্রপাত ইংল্যান্ডের ইনিংসের চতুর্থ ওভারে। টসে হেরে আগে ব্যাটিংয়ে নামা ইংল্যান্ডের রান তখন ৩ ওভারে ১ উইকেট ১০।,sports,prothomalo,https://www.prothomalo.com/sports/cricket/p5c0svr34l
এটা বার্সেলোনা নাকি গোলের মেশিন,"চাইলে কেউ কেউ বার্সেলোনার এই নতুন যুগের একটি স্লোগানও ঠিক করতে পারেন—গোল, গোল, গোল চাই, গোল ছাড়া কথা নাই! ",sports,prothomalo,https://www.prothomalo.com/sports/football/7mhwv7c7nn
এক বছর পর ফিরে এক মাসের জন্য মাঠের বাইরে নেইমার,এএফসি চ্যাম্পিয়নস লিগে আল হিলালের পরের ম্যাচ ২৬ নভেম্বরে। সেই ম্যাচে নেইমারের খেলার সম্ভাবনা নেই বললেই চলে।,sports,prothomalo,https://www.prothomalo.com/sports/football/p8ynph5qqr
"বাংলাদেশ দেখিয়ে দিল, কীভাবে চট করে সিঙ্গাপুর হওয়া যায়",প্রিয় সংস্করণ ওয়ানডেতেও আফগানিস্তানের বিপক্ষে বড় হার। সেটাও মাত্র ২৩৫ রানের নিরীহ লক্ষ্যে।,sports,prothomalo,https://www.prothomalo.com/sports/cricket/5yml3pb5ee
"মুশফিকের আঙুলে চোট, খেলতে পারবেন না পরের ম্যাচ",আঙুলে চোট পাওয়ার কারণে মুশফিকুর রহিম কাল সাতে ব্যাটিং করেছেন। রাতেই পরীক্ষা-নিরীক্ষা করানোর পর তাঁর আঙুলের হাড়ে চিড় বা ফাটল ধরা পড়েছে।,sports,prothomalo,https://www.prothomalo.com/sports/cricket/j6ritw8uto
কিং–কার্টির সেঞ্চুরিতে সিরিজ ওয়েস্ট ইন্ডিজের,শেষ ওয়ানডেতে ইংল্যান্ডের দেওয়া ২৬৪ রানের লক্ষ্য লক্ষ্য ৮ উইকেট ও ৭ ওভার বাকি রেখে পেরিয়ে গেছে ওয়েস্ট ইন্ডিজ।,sports,prothomalo,https://www.prothomalo.com/sports/cricket/417wzxdtm6
"সিটিকে উড়িয়ে দেওয়া কে এই গয়োকেরেস  ",পরশু রাতে ম্যানচেস্টার সিটির বিপক্ষে হ্যাটট্রিক করেছেন সুইডিশ স্ট্রাইকার ভিক্টর গয়োকেরেস। এই ম্যাচ দিয়েই দারুণভাবে আলোচনায় এসেছেন এই স্ট্রাইকার।,sports,prothomalo,https://www.prothomalo.com/sports/football/vqzvq6yskn
আজ টিভিতে যা দেখবেন (৭ নভেম্বর ২০২৪),মেয়েদের বিগ ব্যাশ লিগে আছে দুটি ম্যাচ। রাতে ইউরোপা লিগ ও কনফারেন্স লিগ মিলে আছে কয়েকটি ম্যাচ।,sports,prothomalo,https://www.prothomalo.com/sports/jmsgqum1uw
"ইতালিতে আর্সেনালের আরেকটি হতাশার রাত, জয়ে ফিরল বায়ার্ন মিউনিখ",উয়েফা চ্যাম্পিয়নস লিগে ইংলিশ ক্লাব আর্সেনাল আজ খেলতে নেমেছিল ইতালির ইন্টার মিলানের মাঠে,sports,prothomalo,https://www.prothomalo.com/sports/football/oy8yb17n71
"বার্সেলোনার ৫ গোলের আনন্দ, প্যারিসে শেষ মুহূর্তের গোলে পিএসজির হার",উয়েফা চ্যাম্পিয়নস লিগের লিগ পর্বে নিজেদের চতুর্থ ম্যাচে বেলগ্রেডের মাঠে খেলতে নামে বার্সেলোনা,sports,prothomalo,https://www.prothomalo.com/sports/football/xw0js3h5wk
বাংলাদেশকে চমকে দেওয়া কে এই গজনফর,৬ ফুট ২ ইঞ্চি উচ্চতার স্পিনার গজনফর শুরুতে ছিলেন পেসার। উঠে এসেছেন টেনিস বলের ক্রিকেট খেলে। বল ঘোরানোয় দক্ষতা দেখে কোচদের পরামর্শে হন স্পিনার।,sports,prothomalo,https://www.prothomalo.com/sports/cricket/mn52i43cp3
নিজেকেই ‘দোষী’ বললেন নাজমুল,মাত্র ২৩ রানের মধ্যে ৮ উইকেট হারিয়ে আফগানিস্তানের কাছে প্রথম ওয়ানডেতে হেরেছে বাংলাদেশ। হারের দায় নিজের কাঁধেই নিয়েছেন অধিনায়ক নাজমুল হোসেন।,sports,prothomalo,https://www.prothomalo.com/sports/cricket/b4gii9wq4r
গজনফর–ধাঁধায় পড়ে বাংলাদেশের অবিশ্বাস্য হার,"বাংলাদেশের জয়টাই যখন মনে হচ্ছিল সম্ভাব্য ফলাফল, তখনই হঠাৎ অবিশ্বাস্য পতন। অদ্ভুত ব্যাটিংয়ে তাসের ঘরের মতো ভেঙে পড়ল ব্যাটিং।",sports,prothomalo,https://www.prothomalo.com/sports/cricket/ad8c82cmq8
বাংলাদেশকে ৯২ রানে হারিয়ে সিরিজে এগিয়ে গেল আফগানিস্তান,শারজায় আজ সিরিজের প্রথম ওয়ানডেতে আফগানিস্তানের মুখোমুখি বাংলাদেশ। এই ম্যাচের লাইভ বিবরণী ও বিশ্লেষণ জানতে চোখ রাখুন এখানে।,sports,prothomalo,https://www.prothomalo.com/sports/cricket/shcqwryrou
মধুচন্দ্রিমা শেষে গম্ভীরকে ‘সংসারের’ হাল ধরতে বললেন গাভাস্কার,নিউজিল্যান্ডের বিপক্ষে ধবলধোলাই হওয়া সিরিজে গম্ভীরের ভুলগুলো ক্ষমা করে দিতে চান সুনীল গাভাস্কার। কিন্তু আসন্ন অস্ট্রেলিয়া সফরে গম্ভীরের কাছ থেকে সেরাটা আশা করছেন তিনি।,sports,prothomalo,https://www.prothomalo.com/sports/cricket/imw3bzj4n8
"৪ গোল খেয়ে গার্দিওলা বললেন, ‘ব্রাজিল আমাকে কোচ হিসেবে বিবেচনা করবে না’  ",চলতি মৌসুমে টানা তিন ম্যাচে হেরেছে ম্যানচেস্টার সিটি। সর্বশেষ গতকাল রাতে হারের পর নানা বিষয় নিয়ে কথা বলেছেন এই স্প্যানিশ কোচ।,sports,prothomalo,https://www.prothomalo.com/sports/football/j2xfyrttil
ট্রাম্পের জয় কোহলির জন্যও সুখবর,"ডোনাল্ড ট্রাম্পের প্রেসিডেন্ট হওয়ার সঙ্গে ভারতের সাবেক অধিনায়ক বিরাট কোহলির রানে ফেরার ব্যাখ্যাতীত এক যোগসূত্র আছে। ",sports,prothomalo,https://www.prothomalo.com/sports/cricket/pmdc5b717h
কাজে নেমে পড়লেন সালাউদ্দিন,মিরপুর শেরেবাংলা স্টেডিয়ামের ইনডোরে আজ দুপুরে সালাউদ্দিনকে বাংলাদেশ দলের অনুশীলন জার্সিতে দেখা গেছে।,sports,prothomalo,https://www.prothomalo.com/sports/cricket/fh1fzglj47
বিপিএলের দাম বাড়েনি,এবার বিপিএলের টাইটেল স্পনসর হয়েছে ডাচ্‌–বাংলা ব্যাংক। তবে গত আসরের মতো এবারও স্পনসরশিপ বিক্রি হয়েছে সাড়ে পাঁচ কোটি টাকায়।,sports,prothomalo,https://www.prothomalo.com/sports/cricket/562bw3398v
"ক্লাব বিশ্বকাপের আগে দলবদলের নতুন উইন্ডো, খেলোয়াড় কেনা যাবে মাঝপথেও",খোলনলচে পাল্টে ৩২টি দল নিয়ে আগামী জুনে শুরু হবে নতুন কাঠামোর ফিফা ক্লাব বিশ্বকাপ। সেই টুর্নামেন্টের জন্য নতুন বিধিমালা প্রণয়ন করেছে ফিফা,sports,prothomalo,https://www.prothomalo.com/sports/football/ppuxzoio8w
আইপিএলের মেগা নিলামে নাম লেখানো কে এই ইতালিয়ান ক্রিকেটার,"জেদ্দায় হতে যাওয়া আইপিএলের মেগা নিলামে নাম লিখিয়েছেন ইতালির এক ক্রিকেটার। ",sports,prothomalo,https://www.prothomalo.com/sports/cricket/0rbfastg8w
"ভারতীয়দের বল টেম্পারিংয়ের ঘটনা ‘চাপা’ দিয়েছে ক্রিকেট অস্ট্রেলিয়া, অভিযোগ ওয়ার্নারের","অস্ট্রেলিয়ার সাবেক ক্রিকেটার ডেভিড ওয়ার্নার বলেছেন, টেম্পারিংয়ের ঘটনা ‘চাপা’ দিয়েছে ক্রিকেট অস্ট্রেলিয়া",sports,prothomalo,https://www.prothomalo.com/sports/cricket/la7yajesma
গ্লোবাল সুপার লিগে খেলবেন তানজিম,গায়ানার হয়ে খেলার কথা প্রথম আলোকে নিশ্চিত করেছেন তানজিম।,sports,prothomalo,https://www.prothomalo.com/sports/cricket/u8vcgmptts
"প্রথম ম্যাচে বাঁহাতি স্পিনার–সংকটে বাংলাদেশ, নাজমুল বললেন রিশাদ আছে",আফগানিস্তানের বিপক্ষে প্রথম ওয়ানডেতে বাঁহাতি স্পিনার সংকটে বাংলাদেশ,sports,prothomalo,https://www.prothomalo.com/sports/cricket/e5ruftffgs
চ্যাম্পিয়ন আল আইনকে ৫–১ গোলে হারিয়ে রোনালদোদের নির্মম প্রতিশোধ,এএফসি চ্যাম্পিয়নস লিগ এলিটে বর্তমান চ্যাম্পিয়ন আল আইনকে ৫-১ গোলে হারিয়েছে ক্রিস্টিয়ানো রোনালদোর আল নাসর।,sports,prothomalo,https://www.prothomalo.com/sports/football/2a79pp3701
পাকিস্তান সিরিজে অস্ট্রেলিয়ার নতুন অধিনায়ক জশ ইংলিস,"পাকিস্তানের বিপক্ষে টি-টোয়েন্টি সিরিজে অস্ট্রেলিয়াকে নেতৃত্ব দেবেন জশ ইংলিস। ",sports,prothomalo,https://www.prothomalo.com/sports/cricket/8r65bs1t41
বাংলাদেশের স্বস্তি নাকি শঙ্কার সিরিজ,শারজায় আজ থেকে শুরু তিন ওয়ানডের সিরিজটা বাংলাদেশ দলের জন্য একটু শঙ্কারও বটে।,sports,prothomalo,https://www.prothomalo.com/sports/cricket/9shm1b9dhw
"আবার চোট, বদলি হিসেবে নেমে নেইমার মাঠ ছাড়লেন বদলি হয়ে",গত সপ্তাহেই চোট কাটিয়ে মাঠে ফেরেন সৌদি আরবের ক্লাব আল হিলালের ব্রাজিলিয়ান তারকা নেইমার। কিন্তু ফিরতে না ফিরতেই আবার চোটে পড়লেন।,sports,prothomalo,https://www.prothomalo.com/sports/football/ipd8gwvpaw
বার্নাব্যুতে আজ মুখোমুখি আনচেলত্তির অতীত ও বর্তমান,উয়েফা চ্যাম্পিয়নস লিগে আজ মুখোমুখি ১৫ বারের চ্যাম্পিয়ন রিয়াল মাদ্রিদ ও সাতবারের চ্যাম্পিয়ন এসি মিলান।,sports,prothomalo,https://www.prothomalo.com/sports/football/kqzy6xltef
"অস্ট্রেলিয়ায় ভালো করতে না পারলে টেস্ট ছাড়বেন রোহিত, মনে করেন শ্রীকান্ত","রোহিত–কোহলির টেস্ট ছাড়ার প্রসঙ্গ ওঠার পটভূমি তৈরি হয়েছে ভারতের মাটিতে গতকাল শেষ হওয়া তিন ম্যাচের টেস্ট সিরিজে। ৩–০ ব্যবধানে সেই সিরিজ জিতে ইতিহাস গড়েছে নিউজিল্যান্ড। ",sports,prothomalo,https://www.prothomalo.com/sports/cricket/0wcfef5kqo
আজ টিভিতে যা দেখবেন (৫ নভেম্বর ২০২৪),"উয়েফা চ্যাম্পিয়নস লিগে আজ ৯টি ম্যাচ। মাঠে নামবে রিয়াল মাদ্রিদ, ম্যানচেস্টার সিটি, লিভারপুল ও এসি মিলানের মতো ক্লাব।",sports,prothomalo,https://www.prothomalo.com/sports/osl3107r3u
"মেসি–নেইমার–সুয়ারেজরা যা পারেননি, সেটাই করে দেখালেন ইয়ামাল–লেভা–রাফিনিয়ারা",বার্সেলোনা আর গোলবন্যা যেন এখন সমার্থক। মৌসুমের শুরু থেকে ম্যাচের পর ম্যাচে গোল করে চলেছে দলটি। সব মিলিয়ে চলতি মৌসুমে তারা গোল করেছে ৫০টি।,sports,prothomalo,https://www.prothomalo.com/sports/football/7mkzcffbte
"মেসির যে বয়সে অভিষেক, তার আগেই কীর্তিমান ইয়ামাল","গত বছরের এপ্রিলে ইয়ামালের যখন অভিষেক হয়েছিল, তখন তাঁর বয়স ছিল ১৫ বছর ৯ মাস ১৬ দিন। সে সময় ইয়ামাল ভেঙেছিলেন বার্সার হয়ে ২১ শতকে সবচেয়ে কম বয়সে অভিষেকের রেকর্ড।",sports,prothomalo,https://www.prothomalo.com/sports/football/rzfxoyu0u1
"অস্ট্রেলিয়ার বিপক্ষে ‘৭১’ ছুঁয়েই পাকিস্তানের হারের রেকর্ড, ৯৯ নিয়ে সেঞ্চুরির অপেক্ষায় কারা",মেলবোর্নে পাকিস্তানকে ২ উইকেটে হারিয়েছে অস্ট্রেলিয়া। এই জয়ে ওয়ানডেতে পাকিস্তানের বিপক্ষে জয়ের পরিসংখ্যানে ওয়েস্ট ইন্ডিজকে ছুঁয়ে ফেলল অস্ট্রেলিয়া।,sports,prothomalo,https://www.prothomalo.com/sports/cricket/wtp7jv3klo
"মার্শালের ২৬তম সেঞ্চুরি, মাহিদুলের ১ রানের অপেক্ষা ","প্রথম শ্রেণির ক্রিকেটে ২৬তম সেঞ্চুরিটি পেয়ে গেলেন মার্শাল আইয়ুব। আজ ঢাকা মহানগর অধিনায়ক সর্বশেষ সেঞ্চুরিটি পেলেন দলের ঘোর বিপদের সময়। ",sports,prothomalo,https://www.prothomalo.com/sports/cricket/q9jcl963ud
বাংলাদেশের মেয়েরা সিরিজ খেলবে অস্ট্রেলিয়া-ইংল্যান্ডেও,"জিম্বাবুয়ে ছাড়াও বাংলাদেশের মেয়েরা উইমেনস চ্যাম্পিয়নশিপের অংশ হিসেবে ঘরের মাঠে খেলবেন শ্রীলঙ্কা, ওয়েস্ট ইন্ডিজ ও দক্ষিণ আফ্রিকার বিপক্ষে। ",sports,prothomalo,https://www.prothomalo.com/sports/cricket/lk8ff6r978
বিপিএলে আলো ছড়াতে পারেন হলিউড তারকারাও,বিপিএলের সময় টুর্নামেন্টকে ঘিরে দেশব্যাপী ইয়ুথ ফেস্টিভ্যাল আয়োজন করার পরিকল্পনা নেওয়া হয়েছে। অন্যান্য ক্রীড়া ফেডারেশনও এ সময় বিভিন্ন ইভেন্ট আয়োজন করতে পারবে।,sports,prothomalo,https://www.prothomalo.com/sports/cricket/tydou61043
"রেফারির সমালোচনা করে মরিনিও বললেন, ‘আগে জানলে তুর্কি লিগে আসতাম না’ ",তুর্কি সুপার লিগে ত্রাবজোনস্পোরের বিপক্ষে নাটকীয় এক জয় পেয়েছে ফেনেরবাচে। এই জয়ের পর উদ্‌যাপন এবং কটু মন্তব্য নিয়ে আলোচনায় এসেছেন ফেনেরবাচের কোচ জোসে মরিনিও।,sports,prothomalo,https://www.prothomalo.com/sports/football/gsv2jfnhpi
"ফল সৃষ্টিকর্তার হাতে, রিজওয়ান লড়তে পেরেই খুশি","পাকিস্তান–অস্ট্রেলিয়া দুই দল মিলে তুলেছে মোট ৪০৭ রান। অস্ট্রেলিয়ার মাটিতে ওয়ানডেতে ফিফটিহীন দুই দলের মোট সর্বোচ্চ রানের ম্যাচে এটি তৃতীয় সর্বোচ্চ। ",sports,prothomalo,https://www.prothomalo.com/sports/cricket/4azs9b6is0